match_key,scheduled_date,scheduled_time,comp_level,match_number,set_number,red1,red2,red3,red4,blue1,blue2,blue3,blue4,red_score,blue_score
2026bc2_qm1,2026-06-06,10:00 AM,qm,1,1,3623,228,1768,,5000,2877,5962,,372,328
2026bc2_qm2,2026-06-06,10:09 AM,qm,2,1,1796,501,2712,,1735,175,9997,,343,275
2026bc2_qm3,2026-06-06,10:18 AM,qm,3,1,1058,1740,78,,237,2876,4048,,461,149
2026bc2_qm4,2026-06-06,10:27 AM,qm,4,1,4041,8626,5422,,1073,9990,7407,,170,360
2026bc2_qm5,2026-06-06,10:36 AM,qm,5,1,1601,190,2084,,9644,3950,319,,116,233
2026bc2_qm6,2026-06-06,10:45 AM,qm,6,1,2872,8046,839,,2791,2079,2168,,402,136
2026bc2_qm7,2026-06-06,10:54 AM,qm,7,1,6328,6911,6324,,3467,1100,10413,,308,320
2026bc2_qm8,2026-06-06,11:03 AM,qm,8,1,1768,271,501,,2876,88,5687,,389,646
2026bc2_qm9,2026-06-06,11:12 AM,qm,9,1,7407,78,8626,,5962,1073,1735,,150,131
2026bc2_qm10,2026-06-06,11:21 AM,qm,10,1,175,190,4048,,5422,1796,9997,,142,510
2026bc2_qm11,2026-06-06,11:30 AM,qm,11,1,2084,2872,228,,3623,1740,8046,,195,254
2026bc2_qm12,2026-06-06,11:39 AM,qm,12,1,6911,1601,4041,,237,6328,2877,,245,140
2026bc2_qm13,2026-06-06,11:48 AM,qm,13,1,9990,3467,2079,,5687,1058,319,,420,322
2026bc2_qm14,2026-06-06,11:57 AM,qm,14,1,839,2168,3950,,1100,9644,5000,,40,188
2026bc2_qm15,2026-06-06,12:06 PM,qm,15,1,10413,2712,6324,,271,2791,88,,338,339
2026bc2_qm16,2026-06-06,12:15 PM,qm,16,1,8626,2876,1735,,1768,2084,1796,,102,314
2026bc2_qm17,2026-06-06,12:24 PM,qm,17,1,6911,9997,2872,,1073,5422,228,,256,280
2026bc2_qm18,2026-06-06,12:33 PM,qm,18,1,6328,190,9990,,5687,2079,78,,254,199
2026bc2_qm19,2026-06-06,12:42 PM,qm,19,1,5962,237,3623,,4048,319,839,,65,150
2026bc2_qm20,2026-06-06,12:51 PM,qm,20,1,2168,7407,3467,,175,10413,4041,,449,166
2026bc2_qm21,2026-06-06,02:00 PM,qm,21,1,5000,1058,501,,6324,1601,271,,318,385
2026bc2_qm22,2026-06-06,02:09 PM,qm,22,1,1100,2712,2791,,8046,2877,9644,,180,412
2026bc2_qm23,2026-06-06,02:18 PM,qm,23,1,88,6328,1768,,1740,3950,9990,,307,163
2026bc2_qm24,2026-06-06,02:27 PM,qm,24,1,1796,5962,2079,,1073,237,6911,,468,322
2026bc2_qm25,2026-06-06,02:36 PM,qm,25,1,5687,3623,2084,,78,9997,2168,,355,313
2026bc2_qm26,2026-06-06,02:45 PM,qm,26,1,839,6324,2876,,175,7407,1601,,183,306
2026bc2_qm27,2026-06-06,02:54 PM,qm,27,1,2791,501,8046,,5422,3467,1058,,224,505
2026bc2_qm28,2026-06-06,03:03 PM,qm,28,1,10413,5000,3950,,2872,8626,190,,383,198
2026bc2_qm29,2026-06-06,03:12 PM,qm,29,1,2877,1100,1740,,271,1735,319,,184,242
2026bc2_qm30,2026-06-06,03:21 PM,qm,30,1,9644,228,4048,,88,4041,2712,,295,151
2026bc2_qm31,2026-06-06,03:30 PM,qm,31,1,6324,1768,237,,3623,2168,1073,,409,216
2026bc2_qm32,2026-06-06,03:39 PM,qm,32,1,2876,1058,175,,2084,5962,6328,,231,64
2026bc2_qm33,2026-06-06,03:48 PM,qm,33,1,8046,7407,6911,,9990,1796,5000,,245,521
2026bc2_qm34,2026-06-06,03:57 PM,qm,34,1,2877,319,1601,,2791,5687,8626,,289,384
2026bc2_qm35,2026-06-06,04:06 PM,qm,35,1,4048,10413,78,,501,228,3950,,294,263
2026bc2_qm36,2026-06-06,04:15 PM,qm,36,1,839,4041,3467,,9997,271,1740,,349,400
2026bc2_qm37,2026-06-06,04:24 PM,qm,37,1,2712,1735,9644,,5422,2079,2872,,209,253
2026bc2_qm38,2026-06-06,04:33 PM,qm,38,1,1100,88,8046,,7407,237,190,,382,218
2026bc2_qm39,2026-06-06,04:42 PM,qm,39,1,5000,1073,2791,,9990,175,2084,,420,160
2026bc2_qm40,2026-06-06,04:51 PM,qm,40,1,319,2168,6328,,228,1796,2876,,134,544
2026bc2_qm41,2026-06-06,06:00 PM,qm,41,1,271,8626,839,,78,501,6911,,132,230
2026bc2_qm42,2026-06-06,06:09 PM,qm,42,1,9644,1740,5422,,1058,10413,2877,,393,193
2026bc2_qm43,2026-06-06,06:18 PM,qm,43,1,3950,1735,2079,,6324,4041,3623,,279,336
2026bc2_qm44,2026-06-06,06:27 PM,qm,44,1,5962,9997,88,,1601,2872,1100,,386,160
2026bc2_qm45,2026-06-06,06:36 PM,qm,45,1,190,1768,5687,,3467,4048,2712,,660,292
2026bc2_qm46,2026-06-06,06:45 PM,qm,46,1,8626,5000,237,,6328,2791,2876,,204,55
2026bc2_qm47,2026-06-06,06:54 PM,qm,47,1,1073,78,175,,319,8046,10413,,305,225
2026bc2_qm48,2026-06-06,07:03 PM,qm,48,1,6911,3623,271,,2084,9644,7407,,69,206
2026bc2_qm49,2026-06-06,07:12 PM,qm,49,1,1735,5422,2168,,1601,839,88,,133,406
2026bc2_qm50,2026-06-06,07:21 PM,qm,50,1,3950,4048,9997,,2079,6324,2877,,292,242
2026bc2_qm51,2026-06-06,07:30 PM,qm,51,1,4041,1100,1796,,2872,1768,1058,,291,485
2026bc2_qm52,2026-06-06,07:39 PM,qm,52,1,501,5962,9990,,190,2712,1740,,130,234
2026bc2_qm53,2026-06-07,08:45 AM,qm,53,1,3467,5687,237,,228,5000,7407,,495,230
2026bc2_qm54,2026-06-07,08:54 AM,qm,54,1,319,2876,3623,,10413,6911,5422,,28,162
2026bc2_qm55,2026-06-07,09:04 AM,qm,55,1,2168,8046,271,,1735,4048,6328,,183,105
2026bc2_qm56,2026-06-07,09:14 AM,qm,56,1,9997,1601,2791,,4041,78,1768,,356,343
2026bc2_qm57,2026-06-07,09:24 AM,qm,57,1,190,3950,1058,,2712,839,1073,,556,172
2026bc2_qm58,2026-06-07,09:34 AM,qm,58,1,1740,5687,5962,,1796,9644,6324,,335,337
2026bc2_qm59,2026-06-07,09:44 AM,qm,59,1,2079,175,1100,,228,88,8626,,261,374
2026bc2_qm60,2026-06-07,09:54 AM,qm,60,1,2877,9990,2872,,501,2084,3467,,238,449
2026bc2_qm61,2026-06-07,10:04 AM,qm,61,1,9997,319,4041,,8046,2876,5000,,216,330
2026bc2_qm62,2026-06-07,10:14 AM,qm,62,1,1058,2791,1735,,2168,6911,190,,252,401
2026bc2_qm63,2026-06-07,10:24 AM,qm,63,1,1740,1073,1796,,2712,3623,1601,,457,161
2026bc2_qm64,2026-06-07,10:34 AM,qm,64,1,237,5422,175,,3950,271,5687,,223,557
2026bc2_qm65,2026-06-07,10:44 AM,qm,65,1,7407,6328,1100,,4048,2872,501,,177,78
2026bc2_qm66,2026-06-07,10:54 AM,qm,66,1,2079,2084,10413,,1768,839,5962,,208,332
2026bc2_qm67,2026-06-07,11:04 AM,qm,67,1,78,6324,228,,8626,9990,9644,,434,239
2026bc2_qm68,2026-06-07,11:14 AM,qm,68,1,88,2877,1796,,2876,3467,1073,,538,486
2026bc2_sf1m1,2026-06-07,01:07 PM,sf,1,1,2712,1073,6324,,1601,9990,271,,203,337
2026bc2_sf2m1,2026-06-07,01:16 PM,sf,1,2,9644,4041,7407,,5422,319,1100,,297,253
2026bc2_sf3m1,2026-06-07,01:25 PM,sf,1,3,839,1740,8046,,9997,3950,2872,,386,355
2026bc2_sf4m1,2026-06-07,01:34 PM,sf,1,4,2079,2168,1058,,78,2877,6911,,491,228
2026bc2_sf5m1,2026-06-07,01:43 PM,sf,1,5,1601,9990,271,,1768,6328,1796,,298,385
2026bc2_sf6m1,2026-06-07,01:51 PM,sf,1,6,9644,8626,7407,,5000,10413,228,,328,201
2026bc2_sf7m1,2026-06-07,02:00 PM,sf,1,7,839,1740,8046,,190,3467,237,,323,384
2026bc2_sf8m1,2026-06-07,02:09 PM,sf,1,8,2079,2876,1058,,2791,88,5687,,223,468
2026bc2_sf9m1,2026-06-07,02:19 PM,sf,1,9,2084,9997,2872,,501,5000,228,,214,136
2026bc2_sf10m1,2026-06-07,02:27 PM,sf,1,10,175,2877,78,,1601,9990,271,,199,324
2026bc2_sf11m1,2026-06-07,02:39 PM,sf,1,11,5962,1073,6324,,2079,2168,1058,,367,223
2026bc2_sf12m1,2026-06-07,02:48 PM,sf,1,12,4048,5422,319,,839,1740,8046,,202,226
2026bc2_sf13m1,2026-06-07,02:57 PM,sf,1,13,1768,1735,1796,,9644,8626,7407,,536,209
2026bc2_sf14m1,2026-06-07,03:07 PM,sf,1,14,190,3467,237,,3623,88,5687,,0,510
2026bc2_sf15m1,2026-06-07,03:17 PM,sf,1,15,9997,3950,2872,,1601,9990,271,,439,240
2026bc2_sf16m1,2026-06-07,03:26 PM,sf,1,16,5962,6324,1073,,839,1740,8046,,291,366
2026bc2_sf17m1,2026-06-07,03:38 PM,sf,1,17,190,3467,237,,9997,3950,2872,,543,352
2026bc2_sf18m1,2026-06-07,03:46 PM,sf,1,18,839,1740,8046,,9644,8626,7407,,321,0
2026bc2_sf19m1,2026-06-07,03:55 PM,sf,1,19,1768,1735,1796,,2791,88,5687,,321,418
2026bc2_sf20m1,2026-06-07,04:07 PM,sf,1,20,190,3467,237,,839,1740,8046,,334,291
2026bc2_sf21m1,2026-06-07,04:39 PM,sf,1,21,1768,1735,1796,,190,3467,237,,371,268
2026bc2_f1m1,2026-06-07,04:59 PM,f,1,1,2791,88,5687,3623,1768,1735,1796,6328,,
2026bc2_f1m2,2026-06-07,05:17 PM,f,2,1,2791,88,5687,3623,1768,1735,1796,6328,,
